sequence_id,video_id,scene,source_path,split,start_frame,end_frame,center_frame,y_true,y_score,intensity_mean_avg,intensity_std_avg,entropy_avg,edge_density_avg,laplacian_var_avg,foreground_ratio_avg,crowd_proxy_avg,temporal_diff_mean_avg,temporal_diff_std_avg,flow_mean_avg,flow_std_avg,flow_q90_avg,flow_max_avg,brightness_drift,motion_peak,abrupt_change_ratio,flow_dir_bin_0,flow_dir_bin_1,flow_dir_bin_2,flow_dir_bin_3,flow_dir_bin_4,flow_dir_bin_5,flow_dir_bin_6,flow_dir_bin_7,y_pred
1_Times_Square/View_3/Test__seq_0068,1_Times_Square/View_3/Test,1_Times_Square,/kaggle/input/datasets/angelchi56/abnormal-highdensity-crowds/Abnormal High-density Crowds/1_Times_Square/View_3/Test,train,640,662,652,1,0.9965716600418091,98.31278228759766,49.09734344482422,7.16786527633667,0.2054494172334671,3724.75,0.1077219620347023,0.12996891140937805,1.4176579713821411,5.290332794189453,0.05865657329559326,0.10857445001602173,0.15143120288848877,1.2781696319580078,5.254638671875,0.0788349062204361,0.4545454680919647,0.21164879202842712,0.263902872800827,0.11656181514263153,0.0618063248693943,0.05937426909804344,0.1282021701335907,0.0870409682393074,0.07146281749010086,1
1_Times_Square/View_1/Test__seq_0014,1_Times_Square/View_1/Test,1_Times_Square,/kaggle/input/datasets/angelchi56/abnormal-highdensity-crowds/Abnormal High-density Crowds/1_Times_Square/View_1/Test,train,112,134,124,1,0.9892624020576477,111.13251495361328,52.56148910522461,7.3398027420043945,0.2603505551815033,3787.64013671875,0.0927174910902977,0.11685282737016678,1.1375178098678589,3.607532262802124,0.03350125625729561,0.06201530620455742,0.06517459452152252,0.7531592845916748,0.1285400390625,0.06488753110170364,0.4545454680919647,0.06028563901782036,0.10149814933538437,0.1848677098751068,0.2413741648197174,0.12427570670843124,0.07864142954349518,0.13421553373336792,0.07484160363674164,1
1_Times_Square/View_3/Test__seq_0038,1_Times_Square/View_3/Test,1_Times_Square,/kaggle/input/datasets/angelchi56/abnormal-highdensity-crowds/Abnormal High-density Crowds/1_Times_Square/View_3/Test,train,360,382,372,1,0.9957985281944275,91.58393096923828,49.30207443237305,7.225787162780762,0.225189208984375,4154.27734375,0.0938771590590477,0.11570248752832413,1.3884221315383911,3.035475492477417,0.04812148958444595,0.057498637586832047,0.12834544479846954,0.41239356994628906,2.83612060546875,0.07804953306913376,0.4545454680919647,0.16882731020450592,0.2766578793525696,0.2146938294172287,0.08012383431196213,0.0633096843957901,0.06197113171219826,0.07844746857881546,0.05596889182925224,1
2_Las_Vegas/Test_1/Footage__seq_0015,2_Las_Vegas/Test_1/Footage,2_Las_Vegas,/kaggle/input/datasets/angelchi56/abnormal-highdensity-crowds/Abnormal High-density Crowds/2_Las_Vegas/Test_1/Footage.mp4,train,272,294,284,1,0.7992570400238037,72.5898208618164,39.79210662841797,6.43903923034668,0.1389872282743454,2902.853515625,0.08941650390625,0.10194873809814453,1.0502541065216064,2.084185838699341,0.046416498720645905,0.07023834437131882,0.10165394842624664,0.9324265122413635,-1.74444580078125,0.11172059178352356,0.4545454680919647,0.13689157366752625,0.12908421456813812,0.08353648334741592,0.13211297988891602,0.1720942109823227,0.14820626378059387,0.10340943187475204,0.09466481953859329,1
2_Las_Vegas/Test_2/Footage__seq_0067,2_Las_Vegas/Test_2/Footage,2_Las_Vegas,/kaggle/input/datasets/angelchi56/abnormal-highdensity-crowds/Abnormal High-density Crowds/2_Las_Vegas/Test_2/Footage.mp4,train,536,558,548,1,0.9879646301269531,96.5518569946289,37.32486343383789,6.409907341003418,0.1903228759765625,2499.725341796875,0.1076405867934227,0.12797290086746216,2.7146828174591064,5.453242301940918,0.1592164784669876,0.1536603718996048,0.3778185546398163,0.7971453070640564,-0.65081787109375,0.192307710647583,0.4545454680919647,0.047098979353904724,0.012019619345664978,0.006680039688944817,0.031186498701572418,0.1484285145998001,0.22892780601978302,0.14652325212955475,0.3791353106498718,1
4_Italy/View_1/Test__seq_0065,4_Italy/View_1/Test,4_Italy,/kaggle/input/datasets/angelchi56/abnormal-highdensity-crowds/Abnormal High-density Crowds/4_Italy/View_1/Test,train,520,542,532,1,0.9919850826263428,71.81639862060547,49.167999267578125,7.151711463928223,0.1856536865234375,2744.288330078125,0.1243845596909523,0.14710547029972076,3.639132499694824,9.284031867980957,0.2700355648994446,0.28749823570251465,0.6846807599067688,1.579396367073059,2.84649658203125,0.33896738290786743,0.4545454680919647,0.29304471611976624,0.11230242252349854,0.039448659867048264,0.044063303619623184,0.06762165576219559,0.042734064161777496,0.17955943942070007,0.22122573852539062,1
2_Las_Vegas/Test_2/Footage__seq_0070,2_Las_Vegas/Test_2/Footage,2_Las_Vegas,/kaggle/input/datasets/angelchi56/abnormal-highdensity-crowds/Abnormal High-density Crowds/2_Las_Vegas/Test_2/Footage.mp4,train,560,582,572,1,0.9729437232017517,95.19725036621094,35.726016998291016,6.329420566558838,0.1847279816865921,2461.327880859375,0.128997802734375,0.1525433510541916,4.285922050476074,7.393435955047607,0.415045827627182,0.16309773921966553,0.6428212523460388,1.0671697854995728,-1.84033203125,2.7856059074401855,0.4545454680919647,0.045858751982450485,0.011587879620492458,0.004679075907915831,0.021882567554712296,0.12500160932540894,0.2665179669857025,0.20501762628555298,0.3194546103477478,1
2_Las_Vegas/Test_2/Footage__seq_0107,2_Las_Vegas/Test_2/Footage,2_Las_Vegas,/kaggle/input/datasets/angelchi56/abnormal-highdensity-crowds/Abnormal High-density Crowds/2_Las_Vegas/Test_2/Footage.mp4,train,856,878,868,1,0.9910318851470947,95.50809478759766,35.91615676879883,6.387961387634277,0.2064463347196579,3007.220947265625,0.1151835098862648,0.13902316987514496,3.3874900341033936,6.466921329498291,0.16174690425395966,0.14294005930423737,0.37257319688796997,0.7657243013381958,-1.62030029296875,0.17643293738365173,0.4545454680919647,0.051864143460989,0.011989460326731205,0.00805983878672123,0.023682929575443268,0.16744688153266907,0.30216625332832336,0.18777500092983246,0.24701547622680664,1
2_Las_Vegas/Test_3__seq_0096,2_Las_Vegas/Test_3,2_Las_Vegas,/kaggle/input/datasets/angelchi56/abnormal-highdensity-crowds/Abnormal High-density Crowds/2_Las_Vegas/Test_3,train,1464,1486,1476,1,0.9964003562927246,94.08600616455078,39.14566421508789,6.231283664703369,0.1454874724149704,1881.5162353515625,0.1512247771024704,0.17362648248672485,6.250627040863037,15.79726505279541,0.5744428038597107,0.5485565662384033,1.289635181427002,2.8554368019104004,-0.55389404296875,0.6743056178092957,0.4545454680919647,0.04974193498492241,0.0036373657640069723,0.003068635705858469,0.04703766107559204,0.11782222241163254,0.056134652346372604,0.25171029567718506,0.47084715962409973,1
2_Las_Vegas/Test_2__seq_0026,2_Las_Vegas/Test_2,2_Las_Vegas,/kaggle/input/datasets/angelchi56/abnormal-highdensity-crowds/Abnormal High-density Crowds/2_Las_Vegas/Test_2,train,208,230,220,1,0.9902663826942444,97.56727600097656,37.7165641784668,6.475818157196045,0.2024586945772171,2506.58642578125,0.1153513565659523,0.13892458379268646,3.489041328430176,5.884879112243652,0.17658275365829468,0.14397524297237396,0.3909536898136139,0.7433152794837952,-1.55584716796875,0.22017806768417358,0.4545454680919647,0.07033240050077438,0.01429190393537283,0.01669302023947239,0.032338619232177734,0.14838476479053497,0.24038337171077728,0.212823286652565,0.264752596616745,1
2_Las_Vegas/Test_1/Footage__seq_0087,2_Las_Vegas/Test_1/Footage,2_Las_Vegas,/kaggle/input/datasets/angelchi56/abnormal-highdensity-crowds/Abnormal High-density Crowds/2_Las_Vegas/Test_1/Footage.mp4,train,1576,1598,1588,1,0.8409084677696228,77.37542724609375,40.736351013183594,6.684717655181885,0.1671396940946579,3747.665283203125,0.0866953507065773,0.1015385091304779,1.1171653270721436,1.6987663507461548,0.028469517827033997,0.02715975232422352,0.060407668352127075,0.4227559268474579,-0.097412109375,0.058675359934568405,0.4545454680919647,0.12880021333694458,0.10770875960588455,0.09132543206214905,0.13112229108810425,0.14696088433265686,0.13743411004543304,0.12253179401159286,0.1341165155172348,1
2_Las_Vegas/Test_1/Footage__seq_0048,2_Las_Vegas/Test_1/Footage,2_Las_Vegas,/kaggle/input/datasets/angelchi56/abnormal-highdensity-crowds/Abnormal High-density Crowds/2_Las_Vegas/Test_1/Footage.mp4,train,864,886,876,1,0.8342241644859314,77.10090637207031,40.56385040283203,6.710240840911865,0.1730804443359375,3798.99951171875,0.0857696533203125,0.10038191080093384,1.0636042356491089,1.6633986234664917,0.029429493471980095,0.02772737666964531,0.06181671470403671,0.378070592880249,0.07916259765625,0.06217915192246437,0.4545454680919647,0.10589378327131271,0.09970129281282425,0.07706814259290695,0.10884525626897812,0.19994625449180603,0.17310672998428345,0.12474212795495987,0.11069642752408981,1
1_Times_Square/View_3/Test__seq_0085,1_Times_Square/View_3/Test,1_Times_Square,/kaggle/input/datasets/angelchi56/abnormal-highdensity-crowds/Abnormal High-density Crowds/1_Times_Square/View_3/Test,train,800,822,812,1,0.9935761094093323,98.3575210571289,56.94181823730469,7.329778671264648,0.2044525146484375,3558.453857421875,0.1012013778090477,0.12131223827600479,1.612837314605713,4.322592735290527,0.0602201484143734,0.10685791820287704,0.15997625887393951,1.052601933479309,4.16552734375,0.13790005445480347,0.4545454680919647,0.1365629881620407,0.19867849349975586,0.13572226464748383,0.1042252853512764,0.10452950745820999,0.08987049758434296,0.11984319984912872,0.11056775599718094,1
2_Las_Vegas/Test_3__seq_0113,2_Las_Vegas/Test_3,2_Las_Vegas,/kaggle/input/datasets/angelchi56/abnormal-highdensity-crowds/Abnormal High-density Crowds/2_Las_Vegas/Test_3,train,1728,1750,1740,1,0.9945648908615112,91.01695251464844,33.64238357543945,5.88369607925415,0.1056416854262352,1211.1600341796875,0.1037394180893898,0.1145772635936737,2.102267265319824,8.466753005981445,0.19723612070083618,0.3255305588245392,0.6112164855003357,2.425508975982666,0.32818603515625,0.24333733320236206,0.4545454680919647,0.1557288020849228,0.035159286111593246,0.019257275387644768,0.0392509289085865,0.135085329413414,0.09189708530902863,0.0944262444972992,0.4291950464248657,1
2_Las_Vegas/Test_3__seq_0103,2_Las_Vegas/Test_3,2_Las_Vegas,/kaggle/input/datasets/angelchi56/abnormal-highdensity-crowds/Abnormal High-density Crowds/2_Las_Vegas/Test_3,train,1576,1598,1588,1,0.9965206384658813,92.45423126220703,36.38616180419922,6.025717258453369,0.1241404190659523,1542.981689453125,0.1324818879365921,0.14926640689373016,4.6631083488464355,14.339674949645996,0.4366529583930969,0.5323777198791504,1.1511534452438354,2.8684158325195312,-0.0125732421875,0.46037280559539795,0.4545454680919647,0.14958606660366058,0.010757825337350368,0.008287088014185429,0.012530332431197166,0.021954385563731194,0.032173313200473785,0.1978035420179367,0.5669074654579163,1
2_Las_Vegas/Test_3__seq_0101,2_Las_Vegas/Test_3,2_Las_Vegas,/kaggle/input/datasets/angelchi56/abnormal-highdensity-crowds/Abnormal High-density Crowds/2_Las_Vegas/Test_3,train,1544,1566,1556,1,0.9946375489234924,92.35932159423828,36.836273193359375,6.0890583992004395,0.1284230500459671,1560.896240234375,0.1365712434053421,0.15479344129562378,4.901356220245361,14.039079666137695,0.5155898928642273,0.5005168914794922,1.2594724893569946,2.4349052906036377,-0.81201171875,0.6021161675453186,0.4545454680919647,0.11130864173173904,0.014092416502535343,0.004765727091580629,0.031909432262182236,0.03752214089035988,0.03271758556365967,0.26872411370277405,0.4989599287509918,1
2_Las_Vegas/Test_2/Footage__seq_0040,2_Las_Vegas/Test_2/Footage,2_Las_Vegas,/kaggle/input/datasets/angelchi56/abnormal-highdensity-crowds/Abnormal High-density Crowds/2_Las_Vegas/Test_2/Footage.mp4,train,320,342,332,1,0.9856927394866943,96.25395965576172,37.834381103515625,6.419629096984863,0.1808268278837204,2393.409423828125,0.0987752303481102,0.11664417386054993,2.1742331981658936,4.360138416290283,0.11748901754617691,0.13098612427711487,0.29713207483291626,0.8859444856643677,-1.49505615234375,0.13593733310699463,0.4545454680919647,0.049108635634183884,0.014975803904235363,0.01786929741501808,0.03348097577691078,0.2064906656742096,0.15165361762046814,0.21743687987327576,0.3089841902256012,1
4_Italy/View_2/Test/Footage__seq_0049,4_Italy/View_2/Test/Footage,4_Italy,/kaggle/input/datasets/angelchi56/abnormal-highdensity-crowds/Abnormal High-density Crowds/4_Italy/View_2/Test/Footage.mp4,train,392,414,404,1,0.9960456490516663,81.89833068847656,57.635963439941406,7.356504917144775,0.2149505615234375,2513.840087890625,0.1147359237074852,0.1387319564819336,3.2427313327789307,6.821562767028809,0.22102567553520203,0.2787092924118042,0.622685968875885,1.4066962003707886,-0.2362060546875,0.27198123931884766,0.4545454680919647,0.4074433147907257,0.2907494306564331,0.19797906279563904,0.018617233261466026,0.0062327636405825615,0.0041373237036168575,0.006813389249145985,0.06802747398614883,1
4_Italy/View_1/Test__seq_0006,4_Italy/View_1/Test,4_Italy,/kaggle/input/datasets/angelchi56/abnormal-highdensity-crowds/Abnormal High-density Crowds/4_Italy/View_1/Test,train,48,70,60,1,0.9905844330787659,74.33985137939453,50.855037689208984,7.16288948059082,0.2629496157169342,5516.8798828125,0.1011962890625,0.12783870100975037,1.8526057004928589,5.236021041870117,0.048553433269262314,0.0950380191206932,0.11688778549432755,1.1298964023590088,-0.4610595703125,0.05700528249144554,0.4545454680919647,0.1788489818572998,0.090465247631073,0.0581960529088974,0.13360117375850677,0.17373041808605194,0.11374056339263916,0.14029382169246674,0.11112373322248459,1
4_Italy/View_2/Test/Footage__seq_0076,4_Italy/View_2/Test/Footage,4_Italy,/kaggle/input/datasets/angelchi56/abnormal-highdensity-crowds/Abnormal High-density Crowds/4_Italy/View_2/Test/Footage.mp4,train,608,630,620,1,0.9967846870422363,81.53951263427734,57.4366569519043,7.361780643463135,0.2098643034696579,2485.250244140625,0.1112569198012352,0.1346322000026703,2.9388816356658936,6.347816467285156,0.22674044966697693,0.29894715547561646,0.6537440419197083,1.5220565795898438,-0.71673583984375,0.23923154175281525,0.4545454680919647,0.43652650713920593,0.28901922702789307,0.20231391489505768,0.023323731496930122,0.009220666252076626,0.004738805815577507,0.004037435632199049,0.030819637700915337,1
1_Times_Square/View_1/Test__seq_0096,1_Times_Square/View_1/Test,1_Times_Square,/kaggle/input/datasets/angelchi56/abnormal-highdensity-crowds/Abnormal High-density Crowds/1_Times_Square/View_1/Test,train,800,822,812,1,0.9790573120117188,108.37178802490234,52.5625,7.448063373565674,0.264556884765625,4041.946044921875,0.1000264510512352,0.12606693804264069,1.6376731395721436,4.630743026733398,0.0682535469532013,0.12169970571994781,0.17775674164295197,1.004634141921997,-0.96142578125,0.11432294547557831,0.4545454680919647,0.01832219399511814,0.10770814120769501,0.4477430582046509,0.297814279794693,0.05216478183865547,0.026534151285886765,0.019974656403064728,0.029738696292042732,1
2_Las_Vegas/Test_3__seq_0033,2_Las_Vegas/Test_3,2_Las_Vegas,/kaggle/input/datasets/angelchi56/abnormal-highdensity-crowds/Abnormal High-density Crowds/2_Las_Vegas/Test_3,train,504,526,516,1,0.9896588921546936,93.57081604003906,34.93490219116211,6.040018558502197,0.1303253173828125,1355.7086181640625,0.1413014680147171,0.15998511016368866,5.288463115692139,13.773871421813965,0.5911948680877686,0.533672571182251,1.3560376167297363,2.3852107524871826,1.5533447265625,0.6402243375778198,0.4545454680919647,0.05698880925774574,0.007916160859167576,0.00558098079636693,0.011462103575468063,0.027537602931261063,0.04637053981423378,0.2477361112833023,0.5964077115058899,1
1_Times_Square/View_1/Train__seq_0011,1_Times_Square/View_1/Train,1_Times_Square,/kaggle/input/datasets/angelchi56/abnormal-highdensity-crowds/Abnormal High-density Crowds/1_Times_Square/View_1/Train,train,88,110,100,0,0.0009535026620142162,115.43138122558594,53.550289154052734,7.39518928527832,0.2621816098690033,3845.29443359375,0.0904032364487648,0.11376569420099258,0.9897350072860718,2.672513484954834,0.030735325068235397,0.041507720947265625,0.08004213124513626,0.38399651646614075,-0.9302978515625,0.04669404774904251,0.4545454680919647,0.0800124928355217,0.04969055578112602,0.173457071185112,0.15143917500972748,0.06621352583169937,0.0625237300992012,0.07362401485443115,0.3430394232273102,0
2_Las_Vegas/Train/Footage__seq_0110,2_Las_Vegas/Train/Footage,2_Las_Vegas,/kaggle/input/datasets/angelchi56/abnormal-highdensity-crowds/Abnormal High-density Crowds/2_Las_Vegas/Train/Footage.mp4,train,9968,9990,9980,0,0.8575588464736938,77.17861938476562,41.03984832763672,6.69288969039917,0.1689860075712204,3822.752685546875,0.0864919051527977,0.1012178584933281,0.9995172619819641,1.6651647090911865,0.026929376646876335,0.028586136177182198,0.05642213299870491,0.4504574239253998,0.07293701171875,0.05674045532941818,0.4545454680919647,0.12264250963926315,0.10144631564617157,0.08009976893663406,0.10248807072639465,0.1544705629348755,0.1451152265071869,0.11727648228406906,0.1764610856771469,1
1_Times_Square/View_3/Test__seq_0103,1_Times_Square/View_3/Test,1_Times_Square,/kaggle/input/datasets/angelchi56/abnormal-highdensity-crowds/Abnormal High-density Crowds/1_Times_Square/View_3/Test,train,976,998,988,1,0.9941076040267944,86.92906951904297,59.59030532836914,7.172473907470703,0.1607513427734375,2889.839111328125,0.0923004150390625,0.10692676901817322,0.77978515625,4.093388557434082,0.04409877583384514,0.11653884500265121,0.08594544231891632,2.687589168548584,-1.6734619140625,0.06998571753501892,0.4545454680919647,0.11007339507341385,0.1380261927843094,0.12440557777881622,0.07689209282398224,0.1445227414369583,0.16343896090984344,0.154012992978096,0.08862801641225815,1
4_Italy/View_2/Test/Footage__seq_0051,4_Italy/View_2/Test/Footage,4_Italy,/kaggle/input/datasets/angelchi56/abnormal-highdensity-crowds/Abnormal High-density Crowds/4_Italy/View_2/Test/Footage.mp4,train,408,430,420,1,0.9953976273536682,81.38751220703125,57.819366455078125,7.361371994018555,0.2107899934053421,2475.7685546875,0.1130269393324852,0.13681663572788239,3.1557838916778564,6.6418070793151855,0.21182028949260712,0.27709126472473145,0.5984740853309631,1.6825498342514038,-0.6392822265625,0.23451685905456543,0.4545454680919647,0.34275829792022705,0.2813672721385956,0.26994970440864563,0.022796981036663055,0.01120896078646183,0.00966376718133688,0.011360635049641132,0.05089443549513817,1
2_Las_Vegas/Test_2__seq_0089,2_Las_Vegas/Test_2,2_Las_Vegas,/kaggle/input/datasets/angelchi56/abnormal-highdensity-crowds/Abnormal High-density Crowds/2_Las_Vegas/Test_2,train,712,734,724,1,0.9958861470222473,95.32013702392578,35.82350158691406,6.344969272613525,0.19647216796875,2804.931640625,0.1137339249253273,0.1360432356595993,3.1547129154205322,6.258827209472656,0.17555971443653107,0.15402257442474365,0.40190625190734863,0.9361120462417603,0.21173095703125,0.20846852660179138,0.4545454680919647,0.047286536544561386,0.008677438832819462,0.004836277104914188,0.01643529161810875,0.1937013566493988,0.17366893589496613,0.165366992354393,0.39002716541290283,1
2_Las_Vegas/Train/Footage__seq_0075,2_Las_Vegas/Train/Footage,2_Las_Vegas,/kaggle/input/datasets/angelchi56/abnormal-highdensity-crowds/Abnormal High-density Crowds/2_Las_Vegas/Train/Footage.mp4,train,6800,6822,6812,0,0.0016849666135385633,73.36248016357422,40.24589157104492,6.3728532791137695,0.1365865021944046,2920.26318359375,0.0857442244887352,0.09731053560972214,0.6903020739555359,1.7738040685653687,0.02833671309053898,0.03238023817539215,0.06301990151405334,0.4960429072380066,0.13677978515625,0.07744660973548889,0.4545454680919647,0.09603025764226913,0.09305441379547119,0.10426609963178635,0.12687207758426666,0.2342415750026703,0.1690492033958435,0.10401954501867294,0.07246683537960052,0
2_Las_Vegas/Test_1/Footage__seq_0082,2_Las_Vegas/Test_1/Footage,2_Las_Vegas,/kaggle/input/datasets/angelchi56/abnormal-highdensity-crowds/Abnormal High-density Crowds/2_Las_Vegas/Test_1/Footage.mp4,train,1488,1510,1500,1,0.8094845414161682,77.42704010009766,40.97606658935547,6.704483985900879,0.1714833527803421,3799.656005859375,0.085784912109375,0.10050603747367859,0.9727283716201782,1.8200465440750122,0.028367023915052414,0.03807535395026207,0.05611763149499893,0.7165138721466064,-0.40155029296875,0.05742955207824707,0.4545454680919647,0.14233647286891937,0.107901930809021,0.07263835519552231,0.10887861251831055,0.1485738605260849,0.13598944246768951,0.14078517258167267,0.14289620518684387,1
2_Las_Vegas/Test_3__seq_0025,2_Las_Vegas/Test_3,2_Las_Vegas,/kaggle/input/datasets/angelchi56/abnormal-highdensity-crowds/Abnormal High-density Crowds/2_Las_Vegas/Test_3,train,376,398,388,1,0.9889169931411743,95.0857162475586,40.494720458984375,6.298381328582764,0.1659342497587204,2035.9923095703125,0.1680501252412796,0.19608819484710693,6.966558456420898,15.697720527648926,0.5287908315658569,0.397566020488739,1.0778398513793945,2.2080845832824707,-1.09136962890625,0.6066451668739319,0.4545454680919647,0.07000047713518143,0.004890785086899996,0.002744021127000451,0.010480540804564953,0.09774412959814072,0.13874396681785583,0.21606586873531342,0.4593302011489868,1
4_Italy/View_1/Test__seq_0029,4_Italy/View_1/Test,4_Italy,/kaggle/input/datasets/angelchi56/abnormal-highdensity-crowds/Abnormal High-density Crowds/4_Italy/View_1/Test,train,232,254,244,1,0.9898151159286499,67.43427276611328,50.33150100708008,7.09739351272583,0.2314656525850296,3944.2802734375,0.1676788330078125,0.2062446027994156,8.213512420654297,16.473134994506836,0.3340160548686981,0.34917151927948,0.8273968696594238,2.1769144535064697,0.6702880859375,0.38658222556114197,0.4545454680919647,0.036654699593782425,0.047355614602565765,0.1112482100725174,0.3455767333507538,0.28887322545051575,0.10269367694854736,0.050996921956539154,0.01660093292593956,1
1_Times_Square/View_2/Test__seq_0014,1_Times_Square/View_2/Test,1_Times_Square,/kaggle/input/datasets/angelchi56/abnormal-highdensity-crowds/Abnormal High-density Crowds/1_Times_Square/View_2/Test,train,128,150,140,1,0.9949535727500916,96.47575378417969,55.8172492980957,7.524386405944824,0.2666422426700592,4890.83056640625,0.2332763671875,0.29603156447410583,13.189708709716797,24.41303062438965,1.0805954933166504,1.4773433208465576,3.3464956283569336,6.543151378631592,-13.1688232421875,1.5947004556655884,0.4545454680919647,0.0013016322627663612,0.0015614696312695742,0.010013827122747898,0.5209603309631348,0.4521577060222626,0.010571124963462353,0.002420473610982299,0.0010134064359590411,1
4_Italy/View_1/Test__seq_0056,4_Italy/View_1/Test,4_Italy,/kaggle/input/datasets/angelchi56/abnormal-highdensity-crowds/Abnormal High-density Crowds/4_Italy/View_1/Test,train,448,470,460,1,0.9906454086303711,69.4100112915039,48.5672492980957,7.114819049835205,0.1814015656709671,2751.76123046875,0.1296284943819046,0.15330030024051666,4.406904697418213,11.867105484008789,0.34599828720092773,0.4035680294036865,0.8890308141708374,2.216336250305176,0.69677734375,0.418928325176239,0.4545454680919647,0.31115543842315674,0.1106359213590622,0.04180016368627548,0.0482928603887558,0.13507205247879028,0.06923604756593704,0.09557349979877472,0.18823400139808655,1
2_Las_Vegas/Test_2/Footage__seq_0063,2_Las_Vegas/Test_2/Footage,2_Las_Vegas,/kaggle/input/datasets/angelchi56/abnormal-highdensity-crowds/Abnormal High-density Crowds/2_Las_Vegas/Test_2/Footage.mp4,train,504,526,516,1,0.9929498434066772,96.9502182006836,37.45737838745117,6.411815166473389,0.1847432404756546,2470.031005859375,0.1046600341796875,0.12378203868865967,2.531100273132324,4.999640464782715,0.14456512033939362,0.14407528936862946,0.34419775009155273,0.9116677641868591,-0.32208251953125,0.16573117673397064,0.4545454680919647,0.05963905155658722,0.01546553336083889,0.010490373708307743,0.04775865375995636,0.16595102846622467,0.1585008203983307,0.15927432477474213,0.38292017579078674,1
4_Italy/View_1/Test__seq_0019,4_Italy/View_1/Test,4_Italy,/kaggle/input/datasets/angelchi56/abnormal-highdensity-crowds/Abnormal High-density Crowds/4_Italy/View_1/Test,train,152,174,164,1,0.9934358596801758,69.1557388305664,48.93228530883789,7.12758207321167,0.2462717741727829,4602.29736328125,0.1912282258272171,0.2386084944009781,10.73236083984375,19.892784118652344,0.43689385056495667,0.4806799292564392,0.9891696572303772,3.231224536895752,-0.71197509765625,0.5966295003890991,0.4545454680919647,0.013356312178075314,0.06893911957740784,0.1810656189918518,0.5201138854026794,0.18835267424583435,0.014840587973594666,0.009758791886270046,0.003573022084310651,1
1_Times_Square/View_3/Test__seq_0116,1_Times_Square/View_3/Test,1_Times_Square,/kaggle/input/datasets/angelchi56/abnormal-highdensity-crowds/Abnormal High-density Crowds/1_Times_Square/View_3/Test,train,1096,1118,1108,1,0.9912211894989014,83.74940490722656,57.257328033447266,7.305312156677246,0.1998952180147171,3794.207763671875,0.1228841170668602,0.14772042632102966,1.9491077661514282,6.692485332489014,0.06868121773004532,0.12714605033397675,0.15105481445789337,1.3195749521255493,11.880615234375,0.1479257494211197,0.4545454680919647,0.11829380691051483,0.15399600565433502,0.11846444755792618,0.0887627899646759,0.11661383509635925,0.17883415520191193,0.12298467010259628,0.10205025970935822,1
4_Italy/View_2/Test/Footage__seq_0032,4_Italy/View_2/Test/Footage,4_Italy,/kaggle/input/datasets/angelchi56/abnormal-highdensity-crowds/Abnormal High-density Crowds/4_Italy/View_2/Test/Footage.mp4,train,256,278,268,1,0.9959781169891357,83.3260269165039,57.24513244628906,7.390695571899414,0.2143198698759079,2571.773193359375,0.11993408203125,0.14619886875152588,3.8791391849517822,8.312859535217285,0.25462648272514343,0.3277542293071747,0.7144038677215576,1.6884664297103882,-0.7198486328125,0.2845880091190338,0.4545454680919647,0.4615497887134552,0.24848757684230804,0.16203805804252625,0.019501296803355217,0.006923870649188757,0.004658717196434736,0.010469096712768078,0.08637163043022156,1
1_Times_Square/View_1/Test__seq_0067,1_Times_Square/View_1/Test,1_Times_Square,/kaggle/input/datasets/angelchi56/abnormal-highdensity-crowds/Abnormal High-density Crowds/1_Times_Square/View_1/Test,train,560,582,572,1,0.985789954662323,106.82135772705078,53.3753776550293,7.4138712882995605,0.2462921142578125,3338.76220703125,0.1080983504652977,0.13475197553634644,2.190629482269287,5.556082248687744,0.08653921633958817,0.12107681483030319,0.23750542104244232,0.9414423108100891,3.2393798828125,0.13268867135047913,0.4545454680919647,0.03746086731553078,0.11695552617311478,0.41018450260162354,0.29291874170303345,0.05315466225147247,0.02979927696287632,0.030963122844696045,0.02856334298849106,1
1_Times_Square/View_2/Test__seq_0054,1_Times_Square/View_2/Test,1_Times_Square,/kaggle/input/datasets/angelchi56/abnormal-highdensity-crowds/Abnormal High-density Crowds/1_Times_Square/View_2/Test,train,512,534,524,1,0.9960731267929077,101.61592864990234,50.123531341552734,7.4342169761657715,0.2504119873046875,4780.654296875,0.1853281706571579,0.2318214774131775,9.707741737365723,20.24428939819336,1.1431270837783813,1.5799036026000977,3.858424186706543,5.900426864624023,-5.4676513671875,1.2095105648040771,0.4545454680919647,0.001522465841844678,0.00527120940387249,0.003853933420032263,0.560594916343689,0.4220430552959442,0.0050649153999984264,0.0007623817655257881,0.00088713743025437,1
1_Times_Square/View_2/Train__seq_0009,1_Times_Square/View_2/Train,1_Times_Square,/kaggle/input/datasets/angelchi56/abnormal-highdensity-crowds/Abnormal High-density Crowds/1_Times_Square/View_2/Train,train,72,94,84,0,0.0017305846558883786,100.84823608398438,56.39374542236328,7.544190406799316,0.2585703432559967,5330.72265625,0.1181691512465477,0.14855150878429413,2.791775703430176,8.086779594421387,0.11745007336139679,0.2098631113767624,0.37077078223228455,1.4144233465194702,-0.32159423828125,0.13842660188674927,0.4545454680919647,0.37378817796707153,0.10822925716638565,0.018751004710793495,0.056505218148231506,0.03853178396821022,0.047556664794683456,0.05464300140738487,0.3019948899745941,0
4_Italy/View_2/Test/Footage__seq_0078,4_Italy/View_2/Test/Footage,4_Italy,/kaggle/input/datasets/angelchi56/abnormal-highdensity-crowds/Abnormal High-density Crowds/4_Italy/View_2/Test/Footage.mp4,train,624,646,636,1,0.9954206347465515,81.29573822021484,57.642356872558594,7.373053073883057,0.2112782746553421,2511.5390625,0.1112111434340477,0.13470512628555298,3.0026190280914307,6.557158470153809,0.21915802359580994,0.2858617305755615,0.642344057559967,1.4926507472991943,0.225341796875,0.23646703362464905,0.4545454680919647,0.40302181243896484,0.31947529315948486,0.19772323966026306,0.02856186032295227,0.008003134280443192,0.0036266876850277185,0.006535439286381006,0.0330524705350399,1
2_Las_Vegas/Test_3__seq_0102,2_Las_Vegas/Test_3,2_Las_Vegas,/kaggle/input/datasets/angelchi56/abnormal-highdensity-crowds/Abnormal High-density Crowds/2_Las_Vegas/Test_3,train,1560,1582,1572,1,0.9942536950111389,92.3194580078125,36.34797286987305,6.0547709465026855,0.1249796524643898,1515.9044189453125,0.1294097900390625,0.14530232548713684,4.16510009765625,12.403796195983887,0.42559754848480225,0.5161224007606506,1.1156193017959595,2.728306293487549,0.59979248046875,0.5042151212692261,0.4545454680919647,0.15011757612228394,0.01356078777462244,0.007580205798149109,0.008616301231086254,0.011190199293196201,0.02623819187283516,0.23603631556034088,0.5466603636741638,1
2_Las_Vegas/Test_1/Footage__seq_0029,2_Las_Vegas/Test_1/Footage,2_Las_Vegas,/kaggle/input/datasets/angelchi56/abnormal-highdensity-crowds/Abnormal High-density Crowds/2_Las_Vegas/Test_1/Footage.mp4,train,520,542,532,1,0.8227280378341675,80.78611755371094,40.9589729309082,6.784022808074951,0.1691385954618454,3723.757568359375,0.0905202254652977,0.1060866117477417,1.4029208421707153,2.2818520069122314,0.04244842007756233,0.05973760038614273,0.08502796292304993,0.6377772092819214,-1.2923583984375,0.08660809695720673,0.4545454680919647,0.11140450835227966,0.12020310759544373,0.10808656364679337,0.09573762118816376,0.18824607133865356,0.15268032252788544,0.10469841212034225,0.11894343048334122,1
2_Las_Vegas/Test_2__seq_0068,2_Las_Vegas/Test_2,2_Las_Vegas,/kaggle/input/datasets/angelchi56/abnormal-highdensity-crowds/Abnormal High-density Crowds/2_Las_Vegas/Test_2,train,544,566,556,1,0.9896568059921265,95.95687103271484,36.5976676940918,6.3749189376831055,0.1852772980928421,2446.191650390625,0.1426900178194046,0.169450581073761,5.062200546264648,8.242756843566895,0.48990803956985474,0.16172240674495697,0.712324857711792,1.129406452178955,-1.42529296875,2.7856059074401855,0.4545454680919647,0.11882560700178146,0.007118704728782177,0.004613027907907963,0.018509261310100555,0.1075441837310791,0.24814128875732422,0.19266124069690704,0.3025866448879242,1
1_Times_Square/View_2/Test__seq_0041,1_Times_Square/View_2/Test,1_Times_Square,/kaggle/input/datasets/angelchi56/abnormal-highdensity-crowds/Abnormal High-density Crowds/1_Times_Square/View_2/Test,train,392,414,404,1,0.9958546757698059,102.3133773803711,53.45784378051758,7.398480415344238,0.2386627197265625,4219.64306640625,0.1908772736787796,0.23683516681194305,9.917713165283203,19.885400772094727,1.20230233669281,1.58222234249115,3.8687710762023926,6.022772789001465,4.11083984375,1.2916804552078247,0.4545454680919647,0.001917931716889143,0.0024202323984354734,0.00755738141015172,0.6770840287208557,0.2923628091812134,0.01045455876737833,0.0033683031797409058,0.004834841471165419,1
4_Italy/View_1/Test__seq_0013,4_Italy/View_1/Test,4_Italy,/kaggle/input/datasets/angelchi56/abnormal-highdensity-crowds/Abnormal High-density Crowds/4_Italy/View_1/Test,train,104,126,116,1,0.9918017983436584,73.1760025024414,51.04807662963867,7.2360429763793945,0.2560018002986908,5407.7958984375,0.1243794783949852,0.15632927417755127,3.5260841846466064,9.57398796081543,0.10618596524000168,0.17319905757904053,0.4071177542209625,0.9871000051498413,-0.07122802734375,0.1478932797908783,0.4545454680919647,0.055462755262851715,0.056774403899908066,0.06270428001880646,0.4205183982849121,0.27861812710762024,0.03954533115029335,0.050995610654354095,0.03538111224770546,1
1_Times_Square/View_1/Test__seq_0026,1_Times_Square/View_1/Test,1_Times_Square,/kaggle/input/datasets/angelchi56/abnormal-highdensity-crowds/Abnormal High-density Crowds/1_Times_Square/View_1/Test,train,216,238,228,1,0.9879099130630493,108.26549530029297,52.840065002441406,7.369633197784424,0.2584381103515625,3506.427734375,0.1059519425034523,0.1333025097846985,2.2963035106658936,4.736358642578125,0.06916744261980057,0.11324620991945267,0.1699259877204895,1.2921183109283447,-5.85284423828125,0.12138255685567856,0.4545454680919647,0.05670226737856865,0.09876864403486252,0.3141501843929291,0.1956930011510849,0.07949552685022354,0.06577268242835999,0.07957296818494797,0.10984475165605545,1
2_Las_Vegas/Train/Footage__seq_0100,2_Las_Vegas/Train/Footage,2_Las_Vegas,/kaggle/input/datasets/angelchi56/abnormal-highdensity-crowds/Abnormal High-density Crowds/2_Las_Vegas/Train/Footage.mp4,train,9064,9086,9076,0,0.8234072327613831,69.68822479248047,40.565940856933594,6.3658447265625,0.1226094588637352,2703.929931640625,0.1029256209731102,0.1156938299536705,1.2414772510528564,2.300267457962036,0.050040360540151596,0.06637661904096603,0.11741786450147629,0.771693766117096,4.0977783203125,0.14292395114898682,0.4545454680919647,0.13400615751743317,0.10997219383716583,0.08640745282173157,0.10773372650146484,0.1445150375366211,0.1594315618276596,0.11649687588214874,0.14143697917461395,1
4_Italy/View_2/Test/Footage__seq_0063,4_Italy/View_2/Test/Footage,4_Italy,/kaggle/input/datasets/angelchi56/abnormal-highdensity-crowds/Abnormal High-density Crowds/4_Italy/View_2/Test/Footage.mp4,train,504,526,516,1,0.9943991303443909,81.29525756835938,57.72411346435547,7.353769302368164,0.2088877409696579,2465.08935546875,0.1093088760972023,0.13207806646823883,2.9036920070648193,5.937860012054443,0.21226930618286133,0.2860676050186157,0.5831946730613708,1.832651972770691,-0.09735107421875,0.24625690281391144,0.4545454680919647,0.3542517423629761,0.3409087657928467,0.24280986189842224,0.010442188940942287,0.005107399541884661,0.004578506574034691,0.005713076796382666,0.03618847206234932,1
1_Times_Square/View_1/Test__seq_0091,1_Times_Square/View_1/Test,1_Times_Square,/kaggle/input/datasets/angelchi56/abnormal-highdensity-crowds/Abnormal High-density Crowds/1_Times_Square/View_1/Test,train,760,782,772,1,0.9918773174285889,110.22696685791016,54.26531982421875,7.4624810218811035,0.2574411928653717,3789.142822265625,0.0989583358168602,0.12322252243757248,2.1021230220794678,4.320291519165039,0.0678577721118927,0.09202637523412704,0.1839967668056488,0.6677983403205872,3.79693603515625,0.08854811638593674,0.4545454680919647,0.0365256704390049,0.11311738193035126,0.43105247616767883,0.28539741039276123,0.0576012097299099,0.03007921390235424,0.022599121555685997,0.02362756058573723,1
2_Las_Vegas/Test_1/Footage__seq_0020,2_Las_Vegas/Test_1/Footage,2_Las_Vegas,/kaggle/input/datasets/angelchi56/abnormal-highdensity-crowds/Abnormal High-density Crowds/2_Las_Vegas/Test_1/Footage.mp4,train,360,382,372,1,0.6459519863128662,68.5082015991211,40.744956970214844,6.3470234870910645,0.1192677840590477,2640.469482421875,0.0852559432387352,0.09561890363693237,0.8088434338569641,1.7181472778320312,0.03534086048603058,0.05262695252895355,0.06969207525253296,0.8045039772987366,0.08453369140625,0.10422848165035248,0.4545454680919647,0.11671698838472366,0.11455938965082169,0.0912778303027153,0.12100215256214142,0.18091468513011932,0.14755529165267944,0.11810160428285599,0.10987205803394318,1
1_Times_Square/View_3/Test__seq_0035,1_Times_Square/View_3/Test,1_Times_Square,/kaggle/input/datasets/angelchi56/abnormal-highdensity-crowds/Abnormal High-density Crowds/1_Times_Square/View_3/Test,train,328,350,340,1,0.9958618879318237,81.92132568359375,52.187259674072266,7.221761703491211,0.2094370573759079,3872.044921875,0.12384033203125,0.1493247002363205,2.7508933544158936,6.306026458740234,0.1499207317829132,0.297497034072876,0.5894944667816162,1.6065434217453003,7.45867919921875,0.998510479927063,0.4545454680919647,0.1550433486700058,0.21671940386295319,0.24134458601474762,0.08514782041311264,0.05601563677191734,0.09536085277795792,0.09660131484270096,0.053767021745443344,1
1_Times_Square/View_2/Test__seq_0051,1_Times_Square/View_2/Test,1_Times_Square,/kaggle/input/datasets/angelchi56/abnormal-highdensity-crowds/Abnormal High-density Crowds/1_Times_Square/View_2/Test,train,488,510,500,1,0.9966567754745483,103.84656524658203,49.54203414916992,7.40915584564209,0.2446390837430954,4715.658203125,0.1808878630399704,0.22436995804309845,9.302517890930176,20.604846954345703,0.9513933062553406,1.3593261241912842,3.4517126083374023,5.423831462860107,-0.83819580078125,1.0300019979476929,0.4545454680919647,0.0016764937900006771,0.004327735397964716,0.004092153627425432,0.6156237721443176,0.3682211935520172,0.004419188480824232,0.0007108999416232109,0.0009285924606956542,1
4_Italy/View_1/Test__seq_0043,4_Italy/View_1/Test,4_Italy,/kaggle/input/datasets/angelchi56/abnormal-highdensity-crowds/Abnormal High-density Crowds/4_Italy/View_1/Test,train,344,366,356,1,0.9918564558029175,70.8272476196289,48.73661804199219,7.114232540130615,0.1814320832490921,2476.679443359375,0.1843770295381546,0.2171068638563156,9.631325721740723,18.613994598388672,1.7987462282180786,2.9699742794036865,7.449184417724609,11.837844848632812,-0.0767822265625,3.2279937267303467,0.4545454680919647,0.15033842623233795,0.22929920256137848,0.17246711254119873,0.04404546692967415,0.06269613653421402,0.052200768142938614,0.04911954700946808,0.23983334004878998,1
1_Times_Square/View_2/Test__seq_0118,1_Times_Square/View_2/Test,1_Times_Square,/kaggle/input/datasets/angelchi56/abnormal-highdensity-crowds/Abnormal High-density Crowds/1_Times_Square/View_2/Test,train,1128,1150,1140,1,0.9910757541656494,106.69448852539062,52.958038330078125,7.373103141784668,0.207855224609375,4021.0654296875,0.1280059814453125,0.15448808670043945,3.4849631786346436,9.856586456298828,0.19739291071891785,0.45233041048049927,0.41206783056259155,2.8418002128601074,6.3250732421875,0.2286010980606079,0.4545454680919647,0.022485224530100822,0.0241859033703804,0.05923324450850487,0.6227949261665344,0.18583989143371582,0.038232747465372086,0.018210051581263542,0.029018081724643707,1
2_Las_Vegas/Test_2/Footage__seq_0014,2_Las_Vegas/Test_2/Footage,2_Las_Vegas,/kaggle/input/datasets/angelchi56/abnormal-highdensity-crowds/Abnormal High-density Crowds/2_Las_Vegas/Test_2/Footage.mp4,train,112,134,124,1,0.9905755519866943,87.4300308227539,31.647558212280273,6.176596164703369,0.1589508056640625,1705.4739990234375,0.1265004426240921,0.14658907055854797,4.255015850067139,7.323657989501953,0.37822476029396057,0.2569906711578369,0.7507337331771851,1.238702416419983,2.294189453125,1.802664875984192,0.4545454680919647,0.09181945025920868,0.025002114474773407,0.02261478267610073,0.040823522955179214,0.12592455744743347,0.14338256418704987,0.23898763954639435,0.31144535541534424,1
4_Italy/View_1/Test__seq_0047,4_Italy/View_1/Test,4_Italy,/kaggle/input/datasets/angelchi56/abnormal-highdensity-crowds/Abnormal High-density Crowds/4_Italy/View_1/Test,train,376,398,388,1,0.9916963577270508,72.30284881591797,49.73957824707031,7.180814266204834,0.1925252228975296,2723.81103515625,0.1394856721162796,0.16578790545463562,5.688531875610352,13.085763931274414,0.5286518335342407,0.8310912847518921,1.785520315170288,3.7752511501312256,1.6429443359375,0.8297593593597412,0.4545454680919647,0.20866817235946655,0.06511389464139938,0.03352436050772667,0.1070498451590538,0.16716815531253815,0.141215518116951,0.1354934424161911,0.14176657795906067,1
1_Times_Square/View_1/Test__seq_0040,1_Times_Square/View_1/Test,1_Times_Square,/kaggle/input/datasets/angelchi56/abnormal-highdensity-crowds/Abnormal High-density Crowds/1_Times_Square/View_1/Test,train,336,358,348,1,0.9866461753845215,106.8376235961914,52.6483154296875,7.397459983825684,0.2659555971622467,4077.672607421875,0.1034749373793602,0.13065659999847412,2.1078102588653564,5.652286529541016,0.06775358319282532,0.11010582745075226,0.18059222400188446,0.965490996837616,2.7476806640625,0.08727943897247314,0.4545454680919647,0.03405028209090233,0.15630242228507996,0.4382745027542114,0.1617516428232193,0.05645853281021118,0.0577668696641922,0.05619582161307335,0.03919988498091698,1
2_Las_Vegas/Test_1/Footage__seq_0097,2_Las_Vegas/Test_1/Footage,2_Las_Vegas,/kaggle/input/datasets/angelchi56/abnormal-highdensity-crowds/Abnormal High-density Crowds/2_Las_Vegas/Test_1/Footage.mp4,train,1760,1782,1772,1,0.8764593005180359,76.83421325683594,40.68166732788086,6.690390110015869,0.1687266081571579,3794.9091796875,0.0858357772231102,0.100529246032238,1.0221446752548218,1.6507974863052368,0.027832435443997383,0.02910197526216507,0.06011239066720009,0.5386749505996704,0.41302490234375,0.0604717880487442,0.4545454680919647,0.10939807444810867,0.111900694668293,0.07094155997037888,0.10630763322114944,0.16011391580104828,0.1840260922908783,0.11085877567529678,0.14645327627658844,1
3_Love Parade/Train_2__seq_0012,3_Love Parade/Train_2,3_Love Parade,/kaggle/input/datasets/angelchi56/abnormal-highdensity-crowds/Abnormal High-density Crowds/3_Love Parade/Train_2,train,96,118,108,0,0.002139908028766513,115.38367462158203,41.172645568847656,7.3362250328063965,0.3386484682559967,8962.845703125,0.1594136506319046,0.21348367631435394,5.9168477058410645,8.130504608154297,0.09425260871648788,0.06926768273115158,0.18404464423656464,0.4724560081958771,-1.7794189453125,0.264798641204834,0.4545454680919647,0.14218132197856903,0.1062917411327362,0.07952655851840973,0.11309950798749924,0.15044911205768585,0.16916470229625702,0.10560253262519836,0.13368453085422516,0
2_Las_Vegas/Test_1/Footage__seq_0061,2_Las_Vegas/Test_1/Footage,2_Las_Vegas,/kaggle/input/datasets/angelchi56/abnormal-highdensity-crowds/Abnormal High-density Crowds/2_Las_Vegas/Test_1/Footage.mp4,train,1104,1126,1116,1,0.850558340549469,78.42737579345703,40.24504089355469,6.682663440704346,0.1766560822725296,3874.537109375,0.0871124267578125,0.10198119282722473,1.1369407176971436,1.9138634204864502,0.03140253573656082,0.041413314640522,0.06138267740607262,0.6742767095565796,-0.36181640625,0.06838110089302063,0.4545454680919647,0.10437202453613281,0.1091311052441597,0.08219115436077118,0.1016511395573616,0.16003859043121338,0.16227145493030548,0.15847760438919067,0.12186691164970398,1
4_Italy/View_1/Test__seq_0050,4_Italy/View_1/Test,4_Italy,/kaggle/input/datasets/angelchi56/abnormal-highdensity-crowds/Abnormal High-density Crowds/4_Italy/View_1/Test,train,400,422,412,1,0.9878756999969482,71.07836151123047,48.58189010620117,7.128880023956299,0.1832326203584671,2557.64794921875,0.1438090056180954,0.1709296554327011,5.344027519226074,13.133790016174316,0.5998355746269226,0.9269359707832336,1.8391857147216797,4.910402297973633,-3.269775390625,0.9364242553710938,0.4545454680919647,0.14527253806591034,0.03670802712440491,0.22261615097522736,0.20018865168094635,0.20482830703258514,0.07128581404685974,0.04952432960271835,0.0695761889219284,1
1_Times_Square/View_2/Test__seq_0119,1_Times_Square/View_2/Test,1_Times_Square,/kaggle/input/datasets/angelchi56/abnormal-highdensity-crowds/Abnormal High-density Crowds/1_Times_Square/View_2/Test,train,1144,1166,1156,1,0.9902108907699585,106.40599060058594,52.79929733276367,7.3750200271606445,0.2068278044462204,3979.27978515625,0.1212921142578125,0.14660252630710602,3.146695137023926,9.353729248046875,0.20549270510673523,0.47290530800819397,0.4161395728588104,3.048424243927002,-6.0889892578125,0.225229874253273,0.4545454680919647,0.022037990391254425,0.019060883671045303,0.057357631623744965,0.6338058710098267,0.18611961603164673,0.04161713644862175,0.016895471140742302,0.023105360567569733,1
1_Times_Square/View_3/Test__seq_0078,1_Times_Square/View_3/Test,1_Times_Square,/kaggle/input/datasets/angelchi56/abnormal-highdensity-crowds/Abnormal High-density Crowds/1_Times_Square/View_3/Test,train,736,758,748,1,0.994818389415741,97.45760345458984,52.59600830078125,7.106762409210205,0.1790618896484375,3173.492431640625,0.1237742081284523,0.14579713344573975,1.8295010328292847,4.949492931365967,0.06608074903488159,0.11780267208814621,0.15180569887161255,1.7400500774383545,-12.195556640625,0.11379112303256989,0.4545454680919647,0.1702776849269867,0.2409319281578064,0.09146810322999954,0.057134319096803665,0.08998579531908035,0.14213615655899048,0.12529891729354858,0.08276708424091339,1
1_Times_Square/View_2/Train__seq_0011,1_Times_Square/View_2/Train,1_Times_Square,/kaggle/input/datasets/angelchi56/abnormal-highdensity-crowds/Abnormal High-density Crowds/1_Times_Square/View_2/Train,train,88,110,100,0,0.0020778051111847162,100.46614837646484,56.280128479003906,7.548140048980713,0.2589874267578125,5336.275390625,0.1131846085190773,0.1425568163394928,2.4589121341705322,7.89098596572876,0.10340546816587448,0.22637026011943817,0.28462573885917664,1.7780860662460327,0.55914306640625,0.12160351872444153,0.4545454680919647,0.4350472688674927,0.09600865095853806,0.019182249903678894,0.06947800517082214,0.048258792608976364,0.02738051302731037,0.08609219640493393,0.2185523360967636,0
1_Times_Square/View_3/Test__seq_0105,1_Times_Square/View_3/Test,1_Times_Square,/kaggle/input/datasets/angelchi56/abnormal-highdensity-crowds/Abnormal High-density Crowds/1_Times_Square/View_3/Test,train,992,1014,1004,1,0.9906296133995056,80.18938446044922,57.7390022277832,7.1895599365234375,0.1685028076171875,3096.8466796875,0.1078135147690773,0.12569792568683624,2.1486427783966064,8.229411125183105,0.1080610528588295,0.26449474692344666,0.19766317307949066,2.826005458831787,-14.01947021484375,0.2347484827041626,0.4545454680919647,0.08498194813728333,0.14172135293483734,0.13971228897571564,0.21592260897159576,0.1261819452047348,0.14602375030517578,0.08363281935453415,0.06182326376438141,1
4_Italy/View_2/Test/Footage__seq_0044,4_Italy/View_2/Test/Footage,4_Italy,/kaggle/input/datasets/angelchi56/abnormal-highdensity-crowds/Abnormal High-density Crowds/4_Italy/View_2/Test/Footage.mp4,train,352,374,364,1,0.9953511953353882,81.55525207519531,57.883670806884766,7.355605125427246,0.2057393342256546,2497.782958984375,0.113616943359375,0.13713954389095306,3.1749765872955322,7.0235700607299805,0.22496895492076874,0.3143889605998993,0.6258665323257446,2.0741586685180664,0.11456298828125,0.24661950767040253,0.4545454680919647,0.36614152789115906,0.2786439061164856,0.23419232666492462,0.04462539777159691,0.007615199312567711,0.008310597389936447,0.012273640371859074,0.04819737374782562,1
3_Love Parade/Test__seq_0032,3_Love Parade/Test,3_Love Parade,/kaggle/input/datasets/angelchi56/abnormal-highdensity-crowds/Abnormal High-density Crowds/3_Love Parade/Test,train,256,278,268,1,0.9136906862258911,119.05400848388672,39.19456481933594,7.264407634735107,0.340423583984375,8312.90234375,0.129608154296875,0.17361687123775482,4.979603290557861,6.316822052001953,0.09866868704557419,0.04390866309404373,0.1555217206478119,0.2970631718635559,-0.04736328125,0.21131059527397156,0.4545454680919647,0.17575861513614655,0.07739517092704773,0.08702602982521057,0.18161773681640625,0.182957261800766,0.0722324550151825,0.06357347220182419,0.1594392955303192,1
2_Las_Vegas/Test_1/Footage__seq_0013,2_Las_Vegas/Test_1/Footage,2_Las_Vegas,/kaggle/input/datasets/angelchi56/abnormal-highdensity-crowds/Abnormal High-density Crowds/2_Las_Vegas/Test_1/Footage.mp4,train,232,254,244,1,0.7532833218574524,71.91041564941406,40.06068420410156,6.436069011688232,0.1378021240234375,2852.282470703125,0.0863087996840477,0.09810827672481537,0.8399158716201782,1.6767480373382568,0.03442735970020294,0.05371556058526039,0.06563647091388702,0.7560948133468628,0.56060791015625,0.07609818875789642,0.4545454680919647,0.14304623007774353,0.12234434485435486,0.07447352260351181,0.09767980873584747,0.14892135560512543,0.15265919268131256,0.12060629576444626,0.14026924967765808,1
4_Italy/View_1/Test__seq_0049,4_Italy/View_1/Test,4_Italy,/kaggle/input/datasets/angelchi56/abnormal-highdensity-crowds/Abnormal High-density Crowds/4_Italy/View_1/Test,train,392,414,404,1,0.9898934960365295,71.98436737060547,48.948055267333984,7.1610107421875,0.1876475065946579,2550.95361328125,0.1440836638212204,0.17168806493282318,5.5822367668151855,13.05517864227295,0.6227439045906067,0.9860947728157043,2.07474684715271,4.859409809112549,-2.48773193359375,0.9364242553710938,0.4545454680919647,0.2800164222717285,0.05184854194521904,0.13036708533763885,0.15097643435001373,0.144415944814682,0.06836962699890137,0.04259562864899635,0.13141034543514252,1
1_Times_Square/View_1/Test__seq_0081,1_Times_Square/View_1/Test,1_Times_Square,/kaggle/input/datasets/angelchi56/abnormal-highdensity-crowds/Abnormal High-density Crowds/1_Times_Square/View_1/Test,train,680,702,692,1,0.9909608960151672,105.98686981201172,52.23031234741211,7.390474319458008,0.2497406005859375,3305.587890625,0.0996805801987648,0.1245734840631485,1.7376930713653564,4.248247146606445,0.06667161732912064,0.09219905734062195,0.17771391570568085,0.6383693218231201,0.5887451171875,0.0849851444363594,0.4545454680919647,0.025544965639710426,0.18802499771118164,0.32460013031959534,0.32196351885795593,0.05192175135016441,0.026109950616955757,0.023035747930407524,0.03879895433783531,1
2_Las_Vegas/Train/Footage__seq_0035,2_Las_Vegas/Train/Footage,2_Las_Vegas,/kaggle/input/datasets/angelchi56/abnormal-highdensity-crowds/Abnormal High-density Crowds/2_Las_Vegas/Train/Footage.mp4,train,3168,3190,3180,0,0.0008865968557074666,74.37081909179688,40.26407241821289,6.417337417602539,0.1399332731962204,2945.936767578125,0.0851898193359375,0.09719718992710114,0.787109375,1.581272840499878,0.03375159204006195,0.04292820021510124,0.0800633504986763,0.5389986634254456,0.6065673828125,0.07526934146881104,0.4545454680919647,0.12815824151039124,0.15706712007522583,0.09303122013807297,0.10604657977819443,0.1656363159418106,0.15471526980400085,0.10415072739124298,0.09119454026222229,0
2_Las_Vegas/Test_2__seq_0061,2_Las_Vegas/Test_2,2_Las_Vegas,/kaggle/input/datasets/angelchi56/abnormal-highdensity-crowds/Abnormal High-density Crowds/2_Las_Vegas/Test_2,train,488,510,500,1,0.9936459064483643,96.85673522949219,37.42741394042969,6.416955947875977,0.186248779296875,2482.03271484375,0.1041768416762352,0.12382272630929947,2.5363214015960693,5.185115814208984,0.14245480298995972,0.14224781095981598,0.35038134455680847,0.8443991541862488,0.771240234375,0.16573117673397064,0.4545454680919647,0.05912921205163002,0.010027040727436543,0.01434765849262476,0.06140180677175522,0.16738027334213257,0.14405745267868042,0.1544172316789627,0.3892393410205841,1
2_Las_Vegas/Train/Footage__seq_0024,2_Las_Vegas/Train/Footage,2_Las_Vegas,/kaggle/input/datasets/angelchi56/abnormal-highdensity-crowds/Abnormal High-density Crowds/2_Las_Vegas/Train/Footage.mp4,train,2176,2198,2188,0,0.0006581944762729108,71.03529357910156,40.814945220947266,6.366264343261719,0.1307932585477829,2795.516845703125,0.0841064453125,0.09507697820663452,0.7070035338401794,1.1951669454574585,0.0287002045661211,0.029901573434472084,0.060894083231687546,0.4290308356285095,-0.71380615234375,0.06610441952943802,0.4545454680919647,0.14244844019412994,0.11013510823249817,0.08168497681617737,0.1333935409784317,0.18952146172523499,0.13265156745910645,0.09640438109636307,0.11376046389341354,0
1_Times_Square/View_1/Test__seq_0034,1_Times_Square/View_1/Test,1_Times_Square,/kaggle/input/datasets/angelchi56/abnormal-highdensity-crowds/Abnormal High-density Crowds/1_Times_Square/View_1/Test,train,280,302,292,1,0.986525297164917,110.11370849609375,52.436336517333984,7.383474349975586,0.2605794370174408,3814.742919921875,0.1092732772231102,0.13812333345413208,2.156782627105713,4.335903644561768,0.05910542234778404,0.08688802272081375,0.14792367815971375,0.8285161852836609,5.0037841796875,0.09411090612411499,0.4545454680919647,0.05428425967693329,0.1707352101802826,0.3433206379413605,0.14609722793102264,0.09209012985229492,0.05406370013952255,0.0674031600356102,0.07200565189123154,1
2_Las_Vegas/Test_2__seq_0110,2_Las_Vegas/Test_2,2_Las_Vegas,/kaggle/input/datasets/angelchi56/abnormal-highdensity-crowds/Abnormal High-density Crowds/2_Las_Vegas/Test_2,train,880,902,892,1,0.9896531701087952,94.98653411865234,35.91239547729492,6.387667179107666,0.2071685791015625,3014.06884765625,0.1161956787109375,0.14016558229923248,3.395280361175537,6.557312965393066,0.1656588464975357,0.14811500906944275,0.3664694130420685,0.9523019790649414,-1.10723876953125,0.2035834938287735,0.4545454680919647,0.04865708574652672,0.010093326680362225,0.004162028897553682,0.03547893837094307,0.1892004907131195,0.2926190197467804,0.19916103780269623,0.2206280678510666,1
2_Las_Vegas/Test_3__seq_0059,2_Las_Vegas/Test_3,2_Las_Vegas,/kaggle/input/datasets/angelchi56/abnormal-highdensity-crowds/Abnormal High-density Crowds/2_Las_Vegas/Test_3,train,904,926,916,1,0.9950030446052551,92.72826385498047,37.04220199584961,6.080658912658691,0.1363677978515625,1731.913330078125,0.1472625732421875,0.16713844239711761,5.834295272827148,15.881707191467285,0.5194555521011353,0.4971531629562378,1.2187120914459229,2.063180923461914,0.2230224609375,0.5984593629837036,0.4545454680919647,0.06945940852165222,0.004655949305742979,0.003161620581522584,0.004404041450470686,0.029997138306498528,0.04818907752633095,0.2254173755645752,0.6147153973579407,1
2_Las_Vegas/Test_1/Footage__seq_0063,2_Las_Vegas/Test_1/Footage,2_Las_Vegas,/kaggle/input/datasets/angelchi56/abnormal-highdensity-crowds/Abnormal High-density Crowds/2_Las_Vegas/Test_1/Footage.mp4,train,1136,1158,1148,1,0.8471612930297852,78.36337280273438,40.216896057128906,6.677668571472168,0.1761932373046875,3861.669677734375,0.08880615234375,0.10459472984075546,1.143327236175537,2.0299906730651855,0.030424829572439194,0.03786413371562958,0.060635313391685486,0.5160871744155884,0.40484619140625,0.06039106845855713,0.4545454680919647,0.10389172285795212,0.12005861103534698,0.11711391806602478,0.12433438003063202,0.14476676285266876,0.14588142931461334,0.10521107167005539,0.1387421190738678,1
2_Las_Vegas/Train/Footage__seq_0083,2_Las_Vegas/Train/Footage,2_Las_Vegas,/kaggle/input/datasets/angelchi56/abnormal-highdensity-crowds/Abnormal High-density Crowds/2_Las_Vegas/Train/Footage.mp4,train,7520,7542,7532,0,0.000963938538916409,72.91468048095703,39.60294723510742,6.372653007507324,0.1317901611328125,2804.313720703125,0.0855458602309227,0.09647800773382187,0.6456520557403564,1.5358680486679077,0.03417772427201271,0.05385919660329819,0.07411238551139832,0.6287475228309631,-0.158203125,0.0845998227596283,0.4545454680919647,0.11108162254095078,0.21337637305259705,0.13935799896717072,0.13935458660125732,0.11890392005443573,0.1088552474975586,0.07972251623868942,0.0893477201461792,0
4_Italy/View_1/Test/Footage__seq_0030,4_Italy/View_1/Test/Footage,4_Italy,/kaggle/input/datasets/angelchi56/abnormal-highdensity-crowds/Abnormal High-density Crowds/4_Italy/View_1/Test/Footage.mp4,train,240,262,252,1,0.98831707239151,67.6661376953125,50.297279357910156,7.112832546234131,0.2322540283203125,3964.116455078125,0.1690114289522171,0.20827367901802063,8.756691932678223,17.528932571411133,0.3483261466026306,0.3651844561100006,0.8949209451675415,2.1828980445861816,1.1990966796875,0.4038182497024536,0.4545454680919647,0.02060692384839058,0.024493198841810226,0.1406290978193283,0.3900148272514343,0.28179946541786194,0.06625617295503616,0.06114029511809349,0.015060018748044968,1
3_Love Parade/Train_2__seq_0003,3_Love Parade/Train_2,3_Love Parade,/kaggle/input/datasets/angelchi56/abnormal-highdensity-crowds/Abnormal High-density Crowds/3_Love Parade/Train_2,train,24,46,36,0,0.008440600708127022,117.43817901611328,40.339664459228516,7.300299644470215,0.3395538330078125,8333.439453125,0.1338450163602829,0.17940355837345123,4.83648681640625,6.6107988357543945,0.08263745903968811,0.05169432982802391,0.14692935347557068,0.40940001606941223,-0.88677978515625,0.13240131735801697,0.4545454680919647,0.1672145575284958,0.08027957379817963,0.05638350546360016,0.15515455603599548,0.17379941046237946,0.13684509694576263,0.09197180718183517,0.1383514702320099,0
2_Las_Vegas/Test_3__seq_0090,2_Las_Vegas/Test_3,2_Las_Vegas,/kaggle/input/datasets/angelchi56/abnormal-highdensity-crowds/Abnormal High-density Crowds/2_Las_Vegas/Test_3,train,1376,1398,1388,1,0.991470992565155,93.54974365234375,38.23349380493164,6.217817783355713,0.1436665803194046,1822.0081787109375,0.1530253142118454,0.1750720739364624,6.5371479988098145,16.082229614257812,0.5148866176605225,0.5350435376167297,1.212795615196228,3.2070438861846924,-0.42047119140625,0.7017703056335449,0.4545454680919647,0.05244586244225502,0.007086833007633686,0.006404450628906488,0.04161803424358368,0.10188805311918259,0.04952434077858925,0.24282117187976837,0.4982112944126129,1
2_Las_Vegas/Test_2__seq_0105,2_Las_Vegas/Test_2,2_Las_Vegas,/kaggle/input/datasets/angelchi56/abnormal-highdensity-crowds/Abnormal High-density Crowds/2_Las_Vegas/Test_2,train,840,862,852,1,0.994126558303833,96.05542755126953,35.881439208984375,6.4008073806762695,0.2078654021024704,3030.226806640625,0.1163380965590477,0.14064772427082062,3.4382102489471436,6.516083240509033,0.1641145497560501,0.14498589932918549,0.38073432445526123,0.7525802254676819,-0.2965087890625,0.18261565268039703,0.4545454680919647,0.0494767390191555,0.010799596086144447,0.007220674771815538,0.024008678272366524,0.18483835458755493,0.24210013449192047,0.1841317117214203,0.2974241077899933,1
1_Times_Square/View_1/Test__seq_0043,1_Times_Square/View_1/Test,1_Times_Square,/kaggle/input/datasets/angelchi56/abnormal-highdensity-crowds/Abnormal High-density Crowds/1_Times_Square/View_1/Test,train,360,382,372,1,0.9915623068809509,110.00810241699219,52.984989166259766,7.418294906616211,0.2698618471622467,4061.297607421875,0.1132303848862648,0.14364895224571228,2.063154697418213,4.330684661865234,0.059393756091594696,0.07889113575220108,0.15819233655929565,0.7087624073028564,4.0369873046875,0.09160678833723068,0.4545454680919647,0.036323804408311844,0.12404995411634445,0.40793636441230774,0.2718847990036011,0.07232677191495895,0.029686687514185905,0.02343032881617546,0.03436131775379181,1
2_Las_Vegas/Test_2/Footage__seq_0074,2_Las_Vegas/Test_2/Footage,2_Las_Vegas,/kaggle/input/datasets/angelchi56/abnormal-highdensity-crowds/Abnormal High-density Crowds/2_Las_Vegas/Test_2/Footage.mp4,train,592,614,604,1,0.9802461266517639,95.42449951171875,35.845375061035156,6.349127292633057,0.1928914338350296,2580.71240234375,0.1086476668715477,0.12975549697875977,3.078568935394287,5.9142255783081055,0.17870929837226868,0.16153185069561005,0.407549113035202,0.9618700742721558,-0.9156494140625,0.19557948410511017,0.4545454680919647,0.07132077217102051,0.014359400607645512,0.010538455098867416,0.02000933699309826,0.1770973950624466,0.21043328940868378,0.19062946736812592,0.30561187863349915,1
1_Times_Square/View_1/Test__seq_0027,1_Times_Square/View_1/Test,1_Times_Square,/kaggle/input/datasets/angelchi56/abnormal-highdensity-crowds/Abnormal High-density Crowds/1_Times_Square/View_1/Test,train,224,246,236,1,0.981147289276123,106.37771606445312,52.739097595214844,7.372774600982666,0.2616526186466217,3609.3935546875,0.105499267578125,0.1322373002767563,2.0424249172210693,4.190939426422119,0.054661110043525696,0.08383005857467651,0.1295994371175766,0.9146139621734619,-6.9066162109375,0.12138255685567856,0.4545454680919647,0.06968887895345688,0.11265145987272263,0.35032394528388977,0.16674388945102692,0.08317774534225464,0.049161396920681,0.0660986602306366,0.10215402394533157,1
4_Italy/View_1/Test/Footage__seq_0016,4_Italy/View_1/Test/Footage,4_Italy,/kaggle/input/datasets/angelchi56/abnormal-highdensity-crowds/Abnormal High-density Crowds/4_Italy/View_1/Test/Footage.mp4,train,128,150,140,1,0.9924361109733582,71.12164306640625,49.66822814941406,7.2046990394592285,0.2538096010684967,5018.31982421875,0.164764404296875,0.20661328732967377,7.268826484680176,16.72856903076172,0.2660675048828125,0.35456582903862,0.792902410030365,1.8841490745544434,-3.74786376953125,0.3897784948348999,0.4545454680919647,0.01033132802695036,0.02735077030956745,0.1056576743721962,0.5534672141075134,0.23260465264320374,0.041112061589956284,0.021247588098049164,0.008228718303143978,1
2_Las_Vegas/Test_2/Footage__seq_0100,2_Las_Vegas/Test_2/Footage,2_Las_Vegas,/kaggle/input/datasets/angelchi56/abnormal-highdensity-crowds/Abnormal High-density Crowds/2_Las_Vegas/Test_2/Footage.mp4,train,800,822,812,1,0.9863479137420654,95.80541229248047,36.06025695800781,6.40147590637207,0.2025858610868454,3001.745361328125,0.1148325577378273,0.13797631859779358,3.3428232669830322,6.677416801452637,0.1676524579524994,0.15032704174518585,0.3951631486415863,0.7258652448654175,0.32000732421875,0.17800472676753998,0.4545454680919647,0.05038389936089516,0.011629507876932621,0.007690541911870241,0.019983362406492233,0.19592881202697754,0.2861979007720947,0.1545420140028,0.27364394068717957,1
2_Las_Vegas/Test_2__seq_0032,2_Las_Vegas/Test_2,2_Las_Vegas,/kaggle/input/datasets/angelchi56/abnormal-highdensity-crowds/Abnormal High-density Crowds/2_Las_Vegas/Test_2,train,256,278,268,1,0.9833962321281433,96.03516387939453,38.28096389770508,6.47146463394165,0.1989695280790329,2573.68701171875,0.1068064346909523,0.1283172369003296,2.715348720550537,5.5395426750183105,0.15854552388191223,0.15428900718688965,0.3834552466869354,0.8243575096130371,-0.09759521484375,0.17501839995384216,0.4545454680919647,0.030366403982043266,0.007334650959819555,0.005743926391005516,0.025271808728575706,0.13998743891716003,0.19317308068275452,0.19827793538570404,0.3998447358608246,1
2_Las_Vegas/Test_3__seq_0001,2_Las_Vegas/Test_3,2_Las_Vegas,/kaggle/input/datasets/angelchi56/abnormal-highdensity-crowds/Abnormal High-density Crowds/2_Las_Vegas/Test_3,train,8,30,20,1,0.981543779373169,101.05437469482422,43.128658294677734,6.680962085723877,0.2247823029756546,2734.231689453125,0.2192433625459671,0.2683689594268799,11.574146270751953,19.76933479309082,0.6481097340583801,0.3843088448047638,1.1741260290145874,2.070499897003174,-1.07269287109375,0.7289375066757202,0.4545454680919647,0.024206729605793953,0.00245486106723547,0.0021528401412069798,0.008670723997056484,0.05583767965435982,0.11434514075517654,0.2919018566608429,0.500430166721344,1
1_Times_Square/View_3/Test__seq_0006,1_Times_Square/View_3/Test,1_Times_Square,/kaggle/input/datasets/angelchi56/abnormal-highdensity-crowds/Abnormal High-density Crowds/1_Times_Square/View_3/Test,train,56,78,68,1,0.9940728545188904,90.92865753173828,60.06957244873047,7.305718898773193,0.1757456511259079,2816.38427734375,0.0905202254652977,0.10632806271314621,0.9097623229026794,4.690184116363525,0.04447902739048004,0.11749035120010376,0.08080477267503738,1.3969448804855347,-1.28680419921875,0.07163289934396744,0.4545454680919647,0.1302599310874939,0.11229905486106873,0.05513188987970352,0.06351450085639954,0.09945172816514969,0.13676942884922028,0.28089338541030884,0.12168002873659134,1
1_Times_Square/View_3/Test__seq_0096,1_Times_Square/View_3/Test,1_Times_Square,/kaggle/input/datasets/angelchi56/abnormal-highdensity-crowds/Abnormal High-density Crowds/1_Times_Square/View_3/Test,train,904,926,916,1,0.9891656041145325,93.27752685546875,58.10536575317383,7.265086650848389,0.1878509521484375,3443.477783203125,0.0966695174574852,0.11525015532970428,1.1259266138076782,4.923861980438232,0.04983322322368622,0.10578151792287827,0.10932721197605133,1.5232901573181152,4.39166259765625,0.08869041502475739,0.4545454680919647,0.12873061001300812,0.2580353319644928,0.12865203619003296,0.09622196853160858,0.06721428036689758,0.10150177031755447,0.13430872559547424,0.08533527702093124,1
1_Times_Square/View_1/Test__seq_0110,1_Times_Square/View_1/Test,1_Times_Square,/kaggle/input/datasets/angelchi56/abnormal-highdensity-crowds/Abnormal High-density Crowds/1_Times_Square/View_1/Test,train,920,942,932,1,0.9871339201927185,99.69548797607422,53.82836151123047,7.366262435913086,0.24761962890625,3461.96533203125,0.0974019393324852,0.12177637219429016,1.5700294971466064,4.764168739318848,0.058122266083955765,0.09852941334247589,0.14417484402656555,1.03477144241333,3.63128662109375,0.10160233080387115,0.4545454680919647,0.06221618503332138,0.14007364213466644,0.22851938009262085,0.3552318811416626,0.06022658571600914,0.04537142813205719,0.057768452912569046,0.05059242621064186,1
3_Love Parade/Test__seq_0009,3_Love Parade/Test,3_Love Parade,/kaggle/input/datasets/angelchi56/abnormal-highdensity-crowds/Abnormal High-density Crowds/3_Love Parade/Test,train,72,94,84,1,0.9678203463554382,118.26309204101562,40.318172454833984,7.311909198760986,0.3398488461971283,8719.728515625,0.1327616423368454,0.17794343829154968,4.884776592254639,6.4282546043396,0.09139667451381683,0.03916392847895622,0.13983897864818573,0.3378799259662628,0.0418701171875,0.27546226978302,0.4545454680919647,0.14222721755504608,0.11478433758020401,0.16404473781585693,0.19126157462596893,0.17161643505096436,0.07901199907064438,0.04593545198440552,0.09111829102039337,1
4_Italy/View_2/Test/Footage__seq_0065,4_Italy/View_2/Test/Footage,4_Italy,/kaggle/input/datasets/angelchi56/abnormal-highdensity-crowds/Abnormal High-density Crowds/4_Italy/View_2/Test/Footage.mp4,train,520,542,532,1,0.9948728680610657,81.24269104003906,57.7357063293457,7.3459038734436035,0.20947265625,2489.265625,0.110321044921875,0.13349609076976776,2.9555885791778564,6.215942859649658,0.208501935005188,0.2709062993526459,0.5861108899116516,1.5560230016708374,0.15625,0.22762225568294525,0.4545454680919647,0.3432222604751587,0.38126614689826965,0.20363301038742065,0.011427143588662148,0.008023291826248169,0.005941931623965502,0.010188206098973751,0.0362979993224144,1
1_Times_Square/View_2/Test__seq_0093,1_Times_Square/View_2/Test,1_Times_Square,/kaggle/input/datasets/angelchi56/abnormal-highdensity-crowds/Abnormal High-density Crowds/1_Times_Square/View_2/Test,train,888,910,900,1,0.9963700771331787,100.64616394042969,53.11030960083008,7.4083027839660645,0.2242228239774704,4066.466552734375,0.1557413786649704,0.19069348275661469,6.5894551277160645,16.258859634399414,0.4751449525356293,0.7108607292175293,1.7942124605178833,3.569084405899048,-3.5548095703125,0.568412184715271,0.4545454680919647,0.016954530030488968,0.018965410068631172,0.07368776202201843,0.652400553226471,0.21749752759933472,0.0070224120281636715,0.003747611539438367,0.009724247269332409,1
1_Times_Square/View_1/Train__seq_0029,1_Times_Square/View_1/Train,1_Times_Square,/kaggle/input/datasets/angelchi56/abnormal-highdensity-crowds/Abnormal High-density Crowds/1_Times_Square/View_1/Train,train,232,254,244,0,0.0010215999791398644,103.85066223144531,54.34462356567383,7.354936599731445,0.2535502016544342,3452.195068359375,0.091552734375,0.11358031630516052,1.4751642942428589,2.421104669570923,0.030576130375266075,0.029070569202303886,0.06322542577981949,0.38375791907310486,11.26708984375,0.047668904066085815,0.4545454680919647,0.1260562688112259,0.0969850942492485,0.14846119284629822,0.1386278122663498,0.09513738006353378,0.0896490141749382,0.13205109536647797,0.17303214967250824,0
2_Las_Vegas/Test_1/Footage__seq_0056,2_Las_Vegas/Test_1/Footage,2_Las_Vegas,/kaggle/input/datasets/angelchi56/abnormal-highdensity-crowds/Abnormal High-density Crowds/2_Las_Vegas/Test_1/Footage.mp4,train,1016,1038,1028,1,0.7574251890182495,77.88406372070312,40.467079162597656,6.693716049194336,0.1717478483915329,3906.837646484375,0.0870412215590477,0.10212423652410507,1.3175104856491089,1.8520904779434204,0.035595908761024475,0.03354635462164879,0.07445862889289856,0.3934270441532135,1.45159912109375,0.07091157883405685,0.4545454680919647,0.11949524283409119,0.11511402577161789,0.11020541936159134,0.11254963278770447,0.14711178839206696,0.14584118127822876,0.11953627318143845,0.13014644384384155,1
2_Las_Vegas/Test_3__seq_0117,2_Las_Vegas/Test_3,2_Las_Vegas,/kaggle/input/datasets/angelchi56/abnormal-highdensity-crowds/Abnormal High-density Crowds/2_Las_Vegas/Test_3,train,1792,1814,1804,1,0.9930088520050049,92.53385162353516,34.77602005004883,5.9173479080200195,0.1072845458984375,1236.485107421875,0.108306884765625,0.11989868432283401,2.53057861328125,9.109902381896973,0.2546125054359436,0.3365611433982849,0.7594543695449829,1.8399662971496582,0.05780029296875,0.29607120156288147,0.4545454680919647,0.07532601803541183,0.011958307586610317,0.008128445595502853,0.02893315628170967,0.19013576209545135,0.2630137503147125,0.17614322900772095,0.24636131525039673,1
2_Las_Vegas/Test_2__seq_0059,2_Las_Vegas/Test_2,2_Las_Vegas,/kaggle/input/datasets/angelchi56/abnormal-highdensity-crowds/Abnormal High-density Crowds/2_Las_Vegas/Test_2,train,472,494,484,1,0.9941666126251221,96.1688003540039,37.51725769042969,6.429251194000244,0.1870625764131546,2514.76220703125,0.1033833846449852,0.1223335936665535,2.5591208934783936,5.149261474609375,0.14218120276927948,0.14030583202838898,0.3485972583293915,0.8142829537391663,0.13458251953125,0.15641331672668457,0.4545454680919647,0.05124577134847641,0.01066808495670557,0.01335236057639122,0.043804626911878586,0.15054865181446075,0.16437725722789764,0.15490610897541046,0.41109713912010193,1
2_Las_Vegas/Test_2/Footage__seq_0038,2_Las_Vegas/Test_2/Footage,2_Las_Vegas,/kaggle/input/datasets/angelchi56/abnormal-highdensity-crowds/Abnormal High-density Crowds/2_Las_Vegas/Test_2/Footage.mp4,train,304,326,316,1,0.9904271364212036,96.3956527709961,37.857322692871094,6.423779487609863,0.18096923828125,2414.68701171875,0.1004231795668602,0.11904922872781754,2.254377841949463,4.549408912658691,0.13001206517219543,0.14276868104934692,0.32559433579444885,0.8932239413261414,0.97637939453125,0.15833649039268494,0.4545454680919647,0.0474439300596714,0.011979887261986732,0.010691745206713676,0.030896760523319244,0.23662613332271576,0.165083110332489,0.20485500991344452,0.29242342710494995,1
2_Las_Vegas/Test_2__seq_0022,2_Las_Vegas/Test_2,2_Las_Vegas,/kaggle/input/datasets/angelchi56/abnormal-highdensity-crowds/Abnormal High-density Crowds/2_Las_Vegas/Test_2,train,176,198,188,1,0.9932509064674377,98.6613540649414,38.64003372192383,6.487585544586182,0.1953175812959671,2217.400634765625,0.1116689071059227,0.13235563039779663,3.6014015674591064,5.76944637298584,0.17659686505794525,0.15182751417160034,0.4034707248210907,0.8047283291816711,-5.37579345703125,0.22593644261360168,0.4545454680919647,0.09718343615531921,0.0245871189981699,0.012980516999959946,0.028675835579633713,0.17167939245700836,0.20495352149009705,0.19529147446155548,0.2646487057209015,1
4_Italy/View_2/Test/Footage__seq_0058,4_Italy/View_2/Test/Footage,4_Italy,/kaggle/input/datasets/angelchi56/abnormal-highdensity-crowds/Abnormal High-density Crowds/4_Italy/View_2/Test/Footage.mp4,train,464,486,476,1,0.9962634444236755,82.08905792236328,57.43044662475586,7.360880374908447,0.2108052521944046,2505.427001953125,0.1115570068359375,0.13520869612693787,3.0553090572357178,6.416776180267334,0.20720329880714417,0.2779698967933655,0.5907431244850159,1.6056501865386963,-0.4981689453125,0.22248898446559906,0.4545454680919647,0.3031289875507355,0.3077690601348877,0.29556843638420105,0.014227830804884434,0.005192855838686228,0.00328750628978014,0.0070121572352945805,0.0638132393360138,1
2_Las_Vegas/Test_2__seq_0040,2_Las_Vegas/Test_2,2_Las_Vegas,/kaggle/input/datasets/angelchi56/abnormal-highdensity-crowds/Abnormal High-density Crowds/2_Las_Vegas/Test_2,train,320,342,332,1,0.9839099049568176,96.06297302246094,37.88532638549805,6.42382287979126,0.1821339875459671,2405.22314453125,0.097564697265625,0.11514198780059814,1.9621526002883911,4.139496326446533,0.11004842817783356,0.1260349601507187,0.2814509868621826,0.8663730621337891,-1.09796142578125,0.13079774379730225,0.4545454680919647,0.05256841331720352,0.014412179589271545,0.015542427077889442,0.030602671205997467,0.19381453096866608,0.1558140367269516,0.2294778823852539,0.3077678680419922,1
2_Las_Vegas/Test_2__seq_0017,2_Las_Vegas/Test_2,2_Las_Vegas,/kaggle/input/datasets/angelchi56/abnormal-highdensity-crowds/Abnormal High-density Crowds/2_Las_Vegas/Test_2,train,136,158,148,1,0.9876932501792908,95.43812561035156,34.42453384399414,6.303878307342529,0.1693318635225296,1948.0938720703125,0.1185862198472023,0.13871699571609497,3.3780629634857178,5.922829627990723,0.21102944016456604,0.1651335209608078,0.4536017179489136,0.899078369140625,1.2362060546875,0.4496310353279114,0.4545454680919647,0.08407542109489441,0.032660774886608124,0.02446010895073414,0.030407048761844635,0.12621818482875824,0.18471364676952362,0.24365858733654022,0.27380621433258057,1
2_Las_Vegas/Test_2__seq_0066,2_Las_Vegas/Test_2,2_Las_Vegas,/kaggle/input/datasets/angelchi56/abnormal-highdensity-crowds/Abnormal High-density Crowds/2_Las_Vegas/Test_2,train,528,550,540,1,0.9928857684135437,96.60387420654297,37.36968231201172,6.4096293449401855,0.1893819123506546,2491.31298828125,0.1068267822265625,0.1266390085220337,2.6825339794158936,5.403146743774414,0.15741388499736786,0.1559259295463562,0.3771391212940216,0.8080357909202576,-0.08416748046875,0.192307710647583,0.4545454680919647,0.04730869457125664,0.014263337478041649,0.006894803140312433,0.036914583295583725,0.15038125216960907,0.22530332207679749,0.13956619799137115,0.37936779856681824,1
4_Italy/View_2/Test/Footage__seq_0023,4_Italy/View_2/Test/Footage,4_Italy,/kaggle/input/datasets/angelchi56/abnormal-highdensity-crowds/Abnormal High-density Crowds/4_Italy/View_2/Test/Footage.mp4,train,184,206,196,1,0.9962127208709717,83.31888580322266,57.459537506103516,7.3980793952941895,0.2153065949678421,2637.52490234375,0.1255645751953125,0.1528562307357788,4.4048075675964355,8.898116111755371,0.2807333469390869,0.3742225170135498,0.784899115562439,2.20417857170105,2.16064453125,0.35194313526153564,0.4545454680919647,0.4373306930065155,0.4006150960922241,0.09643435478210449,0.009123102761805058,0.006734942086040974,0.008022213354706764,0.008103073574602604,0.03363652527332306,1
2_Las_Vegas/Train/Footage__seq_0090,2_Las_Vegas/Train/Footage,2_Las_Vegas,/kaggle/input/datasets/angelchi56/abnormal-highdensity-crowds/Abnormal High-density Crowds/2_Las_Vegas/Train/Footage.mp4,train,8160,8182,8172,0,0.0015267361886799335,72.35009002685547,39.86130905151367,6.459084987640381,0.134368896484375,2848.43212890625,0.084747314453125,0.09597030282020569,0.7903386950492859,1.5618541240692139,0.03167190030217171,0.03588719293475151,0.07430011034011841,0.5390265583992004,1.3416748046875,0.07124751806259155,0.4545454680919647,0.12938061356544495,0.13237276673316956,0.08848989754915237,0.1070014014840126,0.1461154967546463,0.14512839913368225,0.10072969645261765,0.15078173577785492,0
1_Times_Square/View_2/Test__seq_0062,1_Times_Square/View_2/Test,1_Times_Square,/kaggle/input/datasets/angelchi56/abnormal-highdensity-crowds/Abnormal High-density Crowds/1_Times_Square/View_2/Test,train,592,614,604,1,0.9973289966583252,99.46683502197266,48.44552993774414,7.3608222007751465,0.2447611540555954,4674.85205078125,0.1799774169921875,0.22399315237998962,8.570456504821777,18.396604537963867,0.8047428727149963,1.1283154487609863,2.618323564529419,4.861167907714844,5.620849609375,0.9128971099853516,0.4545454680919647,0.0035969698801636696,0.014796203933656216,0.015500486828386784,0.5644622445106506,0.38973647356033325,0.008509151637554169,0.0018701908411458135,0.0015282764798030257,1
1_Times_Square/View_1/Test__seq_0046,1_Times_Square/View_1/Test,1_Times_Square,/kaggle/input/datasets/angelchi56/abnormal-highdensity-crowds/Abnormal High-density Crowds/1_Times_Square/View_1/Test,train,384,406,396,1,0.9864675402641296,112.27304077148438,53.51581573486328,7.398638725280762,0.2598876953125,3674.83544921875,0.1010945662856102,0.12779420614242554,2.009232997894287,4.425274848937988,0.06751932203769684,0.08588826656341553,0.1761951744556427,0.6480925679206848,-2.4710693359375,0.09618997573852539,0.4545454680919647,0.041432712227106094,0.13594397902488708,0.3322172462940216,0.27483654022216797,0.07533545792102814,0.04711548238992691,0.04707124084234238,0.04604735225439072,1
4_Italy/View_2/Test/Footage__seq_0043,4_Italy/View_2/Test/Footage,4_Italy,/kaggle/input/datasets/angelchi56/abnormal-highdensity-crowds/Abnormal High-density Crowds/4_Italy/View_2/Test/Footage.mp4,train,344,366,356,1,0.9957422614097595,81.49162292480469,57.9148063659668,7.353537082672119,0.2037404328584671,2491.698486328125,0.1146341934800148,0.13773566484451294,3.24688720703125,7.055469989776611,0.2305571734905243,0.30848389863967896,0.6244096755981445,1.909919023513794,0.44940185546875,0.2889183461666107,0.4545454680919647,0.36167046427726746,0.26241543889045715,0.24476180970668793,0.04407975450158119,0.007456027437001467,0.007022183854132891,0.010901524685323238,0.061692818999290466,1
1_Times_Square/View_2/Test__seq_0107,1_Times_Square/View_2/Test,1_Times_Square,/kaggle/input/datasets/angelchi56/abnormal-highdensity-crowds/Abnormal High-density Crowds/1_Times_Square/View_2/Test,train,1024,1046,1036,1,0.9935638308525085,105.39730072021484,53.58609390258789,7.39241361618042,0.2159932404756546,4094.5859375,0.1356150358915329,0.16494803130626678,4.4003520011901855,12.45361328125,0.3430746793746948,0.5910953879356384,1.4147247076034546,2.9314687252044678,-0.74591064453125,0.3994584083557129,0.4545454680919647,0.18133650720119476,0.09330733120441437,0.02207782119512558,0.4951574206352234,0.15803039073944092,0.019844863563776016,0.006744198966771364,0.023501498624682426,1
1_Times_Square/View_2/Test__seq_0074,1_Times_Square/View_2/Test,1_Times_Square,/kaggle/input/datasets/angelchi56/abnormal-highdensity-crowds/Abnormal High-density Crowds/1_Times_Square/View_2/Test,train,704,726,716,1,0.9955366849899292,101.48683166503906,50.609596252441406,7.353879928588867,0.2249348908662796,4328.107421875,0.1584523469209671,0.19408497214317322,6.919339179992676,17.34417152404785,0.6390213966369629,0.9244120121002197,2.158783435821533,4.211552619934082,-3.35614013671875,0.743980348110199,0.4545454680919647,0.008296075277030468,0.004024375695735216,0.014816749840974808,0.5675365924835205,0.36559733748435974,0.023379622027277946,0.012810767628252506,0.0035385130904614925,1
2_Las_Vegas/Test_2__seq_0093,2_Las_Vegas/Test_2,2_Las_Vegas,/kaggle/input/datasets/angelchi56/abnormal-highdensity-crowds/Abnormal High-density Crowds/2_Las_Vegas/Test_2,train,744,766,756,1,0.9941549897193909,95.26494598388672,35.72645950317383,6.349643230438232,0.1972300261259079,2801.81787109375,0.1138509139418602,0.13621091842651367,3.232987880706787,6.3678178787231445,0.17203442752361298,0.16052594780921936,0.38779935240745544,1.0793143510818481,-0.4532470703125,0.2011437565088272,0.4545454680919647,0.04407636448740959,0.007396969478577375,0.007684613578021526,0.030050402507185936,0.20254039764404297,0.21264085173606873,0.1843157261610031,0.31129467487335205,1
1_Times_Square/View_3/Test__seq_0022,1_Times_Square/View_3/Test,1_Times_Square,/kaggle/input/datasets/angelchi56/abnormal-highdensity-crowds/Abnormal High-density Crowds/1_Times_Square/View_3/Test,train,208,230,220,1,0.9918051958084106,101.57958221435547,61.81523895263672,7.316657066345215,0.1916910856962204,3231.5712890625,0.0889333114027977,0.10658781230449677,1.3601962327957153,3.381787061691284,0.04573420062661171,0.08629573881626129,0.10033073276281357,1.7032052278518677,6.1162109375,0.10050297528505325,0.4545454680919647,0.1097809374332428,0.28783300518989563,0.169716477394104,0.09820496290922165,0.06627018749713898,0.12735198438167572,0.07634436339139938,0.06449810415506363,1
2_Las_Vegas/Test_2/Footage__seq_0077,2_Las_Vegas/Test_2/Footage,2_Las_Vegas,/kaggle/input/datasets/angelchi56/abnormal-highdensity-crowds/Abnormal High-density Crowds/2_Las_Vegas/Test_2/Footage.mp4,train,616,638,628,1,0.9882258176803589,95.17877960205078,35.659271240234375,6.336063861846924,0.192413330078125,2602.53173828125,0.108001708984375,0.12832513451576233,2.8169667720794678,5.603699207305908,0.158805251121521,0.1428668051958084,0.3695890009403229,0.8128140568733215,0.22125244140625,0.17894914746284485,0.4545454680919647,0.056823547929525375,0.015623783692717552,0.013006486929953098,0.02029055543243885,0.17646759748458862,0.2046704739332199,0.17907880246639252,0.33403876423835754,1
1_Times_Square/View_2/Test__seq_0055,1_Times_Square/View_2/Test,1_Times_Square,/kaggle/input/datasets/angelchi56/abnormal-highdensity-crowds/Abnormal High-density Crowds/1_Times_Square/View_2/Test,train,528,550,540,1,0.9923033714294434,98.79032135009766,50.300453186035156,7.41091251373291,0.244293212890625,4633.29736328125,0.1772715300321579,0.22127313911914825,8.476678848266602,18.474576950073242,1.0144332647323608,1.4690675735473633,3.474724769592285,5.813050270080566,-1.95233154296875,1.1483509540557861,0.4545454680919647,0.00166787498164922,0.005954213440418243,0.005814274773001671,0.5447173118591309,0.4371996819972992,0.002901767147704959,0.0008381115621887147,0.0009067872888408601,1
4_Italy/View_1/Test__seq_0068,4_Italy/View_1/Test,4_Italy,/kaggle/input/datasets/angelchi56/abnormal-highdensity-crowds/Abnormal High-density Crowds/4_Italy/View_1/Test,train,544,566,556,1,0.9900220036506653,71.87507629394531,48.916805267333984,7.109313011169434,0.1850840300321579,2746.689697265625,0.1247914656996727,0.14818483591079712,3.950228691101074,10.750516891479492,0.3074171245098114,0.3736089766025543,0.8393694162368774,1.7711846828460693,-1.67529296875,0.42709845304489136,0.4545454680919647,0.032877806574106216,0.024533359333872795,0.31412744522094727,0.24031971395015717,0.22897811233997345,0.08330027014017105,0.04023295268416405,0.03563034161925316,1
2_Las_Vegas/Test_1/Footage__seq_0075,2_Las_Vegas/Test_1/Footage,2_Las_Vegas,/kaggle/input/datasets/angelchi56/abnormal-highdensity-crowds/Abnormal High-density Crowds/2_Las_Vegas/Test_1/Footage.mp4,train,1360,1382,1372,1,0.8556737899780273,77.18778991699219,41.04253005981445,6.69428014755249,0.1690928190946579,3827.166015625,0.0865834578871727,0.10124465078115463,0.99859619140625,1.6666066646575928,0.0268500205129385,0.028044527396559715,0.056474026292562485,0.4107527434825897,0.05804443359375,0.05674045532941818,0.4545454680919647,0.12263946235179901,0.10277724266052246,0.08550351113080978,0.10917996615171432,0.1544322967529297,0.1392415165901184,0.10891633480787277,0.17730966210365295,1
2_Las_Vegas/Test_2__seq_0004,2_Las_Vegas/Test_2,2_Las_Vegas,/kaggle/input/datasets/angelchi56/abnormal-highdensity-crowds/Abnormal High-density Crowds/2_Las_Vegas/Test_2,train,32,54,44,1,0.9906538128852844,87.94518280029297,32.28994369506836,6.228205680847168,0.16790771484375,1955.3802490234375,0.114410400390625,0.13358454406261444,3.5730092525482178,6.596993923187256,0.261542409658432,0.2042124718427658,0.5631262063980103,1.111000657081604,-1.0577392578125,0.3851127326488495,0.4545454680919647,0.09834904968738556,0.024942345917224884,0.016905521973967552,0.04438494145870209,0.1768370270729065,0.15354469418525696,0.1573324352502823,0.32770398259162903,1
